,year,gdp,population,gdp_1000000,gdp_per_capita,research_spending,f500_count,f500_pct_change
year,1.0,0.08151393187624889,0.031939490864737824,0.08151393187624908,0.1292706516162439,0.11434390931234126,0.0005267472711007689,-0.024888719277511278
gdp,0.08151393187624889,1.0,0.9765118754861599,0.999999999999998,0.08911394569164066,0.8742844949769447,0.9074134472305003,-0.012201345338423058
population,0.031939490864737824,0.9765118754861599,1.0,0.9765118754861595,-0.007055876860756404,0.8076525931463695,0.8947326586232472,-0.01062406035071112
gdp_1000000,0.08151393187624908,0.999999999999998,0.9765118754861595,1.0,0.08911394569164055,0.8742844949769449,0.9074134472304989,-0.01220134533842301
gdp_per_capita,0.1292706516162439,0.08911394569164066,-0.007055876860756404,0.08911394569164055,1.0,0.09936274054950697,0.09807347806265175,2.9587049166088155e-05
research_spending,0.11434390931234126,0.8742844949769447,0.8076525931463695,0.8742844949769449,0.09936274054950697,1.0,0.7503680978963573,-0.014344970977761705
f500_count,0.0005267472711007689,0.9074134472305003,0.8947326586232472,0.9074134472304989,0.09807347806265175,0.7503680978963573,1.0,0.0020222011672577566
f500_pct_change,-0.024888719277511278,-0.012201345338423058,-0.01062406035071112,-0.01220134533842301,2.9587049166088155e-05,-0.014344970977761705,0.0020222011672577566,1.0
