cluster,counties,avg_mobility,avg_start_index,avg_current_index,avg_bachelors,avg_gdp_per_capita,avg_poverty,avg_population_growth,cluster_label,pca_explained_variance_1,pca_explained_variance_2
4,9,64.9221791842213,146.09148196151168,211.01366114573295,60.01111111111111,264394.8156662,10.455555555555556,33.590962434605444,high-skill breakouts,0.4071453761346815,0.16031627766271409
1,135,20.62464176320122,106.30343036561898,126.92807212882019,47.33555555555556,89652.82978802895,8.086666666666668,324.37085105542354,affluent incumbents,0.4071453761346815,0.16031627766271409
3,332,-2.87971536414476,94.37489805548456,91.4951826913398,34.971385542168676,70865.42042573309,10.825000000000001,155.68860851369945,growth metros,0.4071453761346815,0.16031627766271409
2,332,-3.982945791505938,80.82981497862977,76.84686918712383,23.03463855421687,51572.045476219966,13.399096385542169,101.59081688441458,stable middle,0.4071453761346815,0.16031627766271409
0,174,-10.65029694559377,83.44193694638776,72.79164000079399,24.53448275862069,60723.76912663178,18.749425287356324,85.53880865826797,relative decliners,0.4071453761346815,0.16031627766271409
